keywords,volume
leaky gut,74
sibo,52
leaky gut syndrome,72
biotic,28
cfu,20
culturelle,34
probiotics for women,38
leaky gut symptoms,68
garden of life probiotics,17
what is leaky gut,68
what are probiotics,86
sibo diet,24
microbiota,57
leaky gut diet,28
lactobacillus rhamnosus,18
commensal,18
garden of life protein,14
candida overgrowth,59
benefits of probiotics,76
what do probiotics do,84
probiotic yogurt,37
garden of life vitamins,17
culturelle probiotics,33
prebiotic vs probiotic,55
probiotics for men,12
small intestinal bacterial overgrowth,54
prebiotic fiber,62
candida symptoms,58
culturelle probiotic,33
what is probiotics,87
probiotic drinks,17
what is a probiotic,86
prebiotics vs probiotics,42
do probiotics work,73
probiotics side effects,61
prebiotics and probiotics,59
symptoms of leaky gut,70
probiotics for kids,25
acacia fiber,19
culturelle digestive health probiotic,21
probiotics for weight loss,26
probiotic side effects,61
leaky gut treatment,53
liquid multivitamin,9
lactobacillus casei,5
probiotic pills,80
are probiotics good for you,82
probiotic gummies,25
vaginal probiotics,28
bifidobacterium infantis,6
what are probiotics good for,81
when to take probiotics,25
what is leaky gut syndrome,70
garden of life meal replacement,5
side effects of probiotics,61
lactobacilli,49
probiotics for vaginal health,36
what is a leaky gut,68
culturelle kids,18
how to heal leaky gut,44
probiotics for ibs,26
baby probiotics,14
garden of life prenatal,3
probiotics weight loss,26
commensal bacteria,13
strongest candida killer,15
sbo probiotics,12
good probiotics,61
probiotics reviews,55
can probiotics cause diarrhea,41
lactobacillus paracasei,4
difference between prebiotic and probiotic,43
mykind organics,3
colony forming units,10
gut microbiota,75
soil based probiotics,9
vitamin code,8
candida in stool,29
empty stomach,20
raw probiotics,5
probiotics for uti,11
where is serotonin produced,83
vegan probiotics,8
how long does it take for probiotics to work,11
garden of life raw organic protein,12
cfu meaning,19
pre and probiotics,56
lactobacillus casei shirota,2
garden of life raw probiotics,12
probiotic vs prebiotic,55
candida overgrowth symptoms,51
probiotics yogurt,45
leaky gut syndrome symptoms,70
lactobacillus probiotic,52
small intestine bacterial overgrowth,54
probiotics for constipation,11
candida yeast,71
probiotics for babies,14
lactobacillus rhamnosus gg,17
coffii,10
